fid_usuario,area_m2,coincide_m2,cobertura_pct,resultado
0,0.7237255060517522,0.0,0.0,Omitida
1,0.3072429653941717,0.0,0.0,Omitida
2,0.1835448375885746,0.0,0.0,Omitida
3,0.15036320469640113,0.0,0.0,Omitida
4,0.4547934150647814,0.0,0.0,Omitida
5,0.25059962761251076,0.0,0.0,Omitida
6,0.28341199390330013,0.0,0.0,Omitida
7,0.3919224043318326,0.0,0.0,Omitida
8,1.669719339593523,0.0,0.0,Omitida
9,3.4486924032824886,0.0,0.0,Omitida
10,2.903566348569379,0.0,0.0,Omitida
11,8.308502972375752,0.0,0.0,Omitida
12,0.6118764174134135,0.0,0.0,Omitida
13,1.8393653127017686,0.0,0.0,Omitida
